1,Hilary,Tourot,htourot0@mysql.com,Male,193.103.144.138
2,Leonerd,Triggel,ltriggel1@spotify.com,Male,127.150.186.123
3,Sauncho,Warder,swarder2@addthis.com,Male,159.238.131.101
4,Terence,Schall,tschall3@vkontakte.ru,Male,164.117.243.254
5,Katherine,Bly,kbly4@homestead.com,Female,46.55.115.88
6,Curran,Jordison,cjordison5@go.com,Male,171.118.250.32
7,Libbi,Byars,lbyars6@themeforest.net,Female,225.29.218.1
8,Irvine,Bassett,ibassett7@quantcast.com,Male,120.202.9.246
9,Humbert,Dreinan,hdreinan8@usnews.com,Male,110.255.206.74
10,Conant,McMorran,cmcmorran9@godaddy.com,Male,184.175.72.14
